id;birth_date;gender;register_date;phone_number;mobile_number;full_name;is_verified;user_id;first_name;last_name;enc_id
1;2025-02-14T14:49:53;FEMALE;2025-02-14T06:22:28;plus density enormously;what gerbil;whereas below;false;15341;Carolanne;Schaden;73a7f302-b3db-4f8b-a684-66c63d2363f0
2;2025-02-14T05:12:09;MALE;2025-02-14T18:03:57;whoa in abaft;customise;mill aboard modulo;true;32253;Deborah;McCullough;d1f7f856-9e8a-4ffd-99d5-9aec4f695b2d
3;2025-02-14T12:26:04;MALE;2025-02-14T14:12:01;lest larva considering;futon yowza among;oof;true;15573;Jaydon;Herman;278f116b-1fde-426c-8aa7-d801fa8f66e3
4;2025-02-14T00:11:56;MALE;2025-02-14T18:32:26;beside strident;who when armchair;from;true;8076;Rosalinda;Moore;71bdabd6-3d91-49b2-946f-989bb6f58786
5;2025-02-14T14:30:19;MALE;2025-02-14T15:36:00;contravene;eek;ceramic complete;false;6849;Yazmin;Wolf;cb5f0501-4ae9-4c33-881f-98703ea92cd0
6;2025-02-13T23:02:42;FEMALE;2025-02-14T07:53:30;over mmm;per asset for;beyond intensely yippee;false;4678;Craig;Cole;2d8657dc-59f1-4824-8218-47bf070882f4
7;2025-02-14T01:57:50;FEMALE;2025-02-14T19:36:32;thorough given;through mealy;glittering than;false;25959;Rachael;Hayes-Lemke;b5e44300-2d1c-4643-a1b6-9cce2516d11b
8;2025-02-14T16:48:28;OTHER;2025-02-14T13:38:34;wetly off;pace heavily;substantial unknown;false;27747;Tavares;Farrell-Bernier;14e3e344-130c-4480-a59b-9b34dbcbd792
9;2025-02-14T17:18:03;OTHER;2025-02-14T03:52:17;than;whose quicker inside;strictly transplant toady;false;30504;Verlie;Murphy;62e325ef-f375-422f-9b9d-8f2f1c2a009b
10;2025-02-14T07:00:26;OTHER;2025-02-14T14:08:20;through urgently;ethyl beside;whoa;false;11917;Lane;Hagenes;923f3816-7b81-415b-a8ff-3c0ab32948b9
